Location ID,Location Name,Location Group,Location Type,Sensor ID,Place Open,Local Date/Time,UTC Date/Time,# of aggregated records,PM2.5 (��g/m�,PM2.5 (��g/m��) c,0.3��m particle c,CO2 (ppm) raw,CO2 (ppm) corrected,Temperature (��C),Temperature (��C) corre,Heat Index (��,Humidity (%) raw,Humidity (%) corrected,TVOC (ppb),TVOC index,NOX index,PM1 (��g/,PM10 (��g/,measure0,measure1,measure2,measure3,measure4,measure5,measure6,measure7,measure8,measure9,measure10,measure11,measure12,measure13,measure14,measure15,measure16,measure17,measure18,measure19,timestamp
182446,Ramon Avancena High School,,Outdoor,airgradient:34b7dad31274,True,1/21/2026 10:00,2026-01-21T02:00:00.000Z,41,18.5,11.4,831.0,424.0,424.0,28.5,28.5,32.4,48.0,67.0,92.0,98.0,1.0,10.5,21.9,,,,,,,,,,,,,,,,,,,,,2026-01-21 10:00:00+08:00
182446,Ramon Avancena High School,,Outdoor,airgradient:34b7dad31274,True,1/21/2026 11:00,2026-01-21T03:00:00.000Z,59,36.7,24.1,1651.0,416.0,416.0,29.4,29.6,34.2,50.0,71.0,87.0,91.0,1.0,25.3,44.4,,,,,,,,,,,,,,,,,,,,,2026-01-21 11:00:00+08:00
182446,Ramon Avancena High School,,Outdoor,airgradient:34b7dad31274,True,1/21/2026 12:00,2026-01-21T04:00:00.000Z,60,35.3,22.5,1544.0,405.0,405.0,29.0,29.2,33.1,49.0,70.0,80.0,83.0,1.0,24.5,41.7,,,,,,,,,,,,,,,,,,,,,2026-01-21 12:00:00+08:00
182446,Ramon Avancena High School,,Outdoor,airgradient:34b7dad31274,True,1/21/2026 13:00,2026-01-21T05:00:00.000Z,60,8.9,6.2,508.0,403.0,403.0,28.9,29.0,32.2,47.0,67.0,74.0,76.0,1.0,5.7,10.8,,,,,,,,,,,,,,,,,,,,,2026-01-21 13:00:00+08:00
182446,Ramon Avancena High School,,Outdoor,airgradient:34b7dad31274,True,1/21/2026 14:00,2026-01-21T06:00:00.000Z,60,0.7,0.9,194.0,396.0,396.0,29.1,29.2,32.2,46.0,65.0,35.0,33.0,1.0,0.2,1.0,,,,,,,,,,,,,,,,,,,,,2026-01-21 14:00:00+08:00
182446,Ramon Avancena High School,,Outdoor,airgradient:34b7dad31274,True,1/21/2026 15:00,2026-01-21T07:00:00.000Z,60,1.1,1.7,228.0,389.0,389.0,28.9,29.1,32.0,46.0,65.0,56.0,57.0,1.0,0.4,1.7,,,,,,,,,,,,,,,,,,,,,2026-01-21 15:00:00+08:00
182446,Ramon Avancena High School,,Outdoor,airgradient:34b7dad31274,True,1/21/2026 16:00,2026-01-21T08:00:00.000Z,14,5.2,4.2,374.0,396.0,396.0,28.7,28.8,31.5,46.0,65.0,40.0,39.0,1.0,2.8,6.4,,,,,,,,,,,,,,,,,,,,,2026-01-21 16:00:00+08:00
182446,Ramon Avancena High School,,Outdoor,airgradient:34b7dad31274,True,1/22/2026 10:00,2026-01-22T02:00:00.000Z,53,7.8,6.1,521.0,393.0,393.0,28.1,28.1,29.8,44.0,62.0,96.0,102.0,1.0,4.3,9.6,,,,,,,,,,,,,,,,,,,,,2026-01-22 10:00:00+08:00
182446,Ramon Avancena High School,,Outdoor,airgradient:34b7dad31274,True,1/22/2026 11:00,2026-01-22T03:00:00.000Z,58,24.8,15.6,1071.0,428.0,428.0,29.3,29.5,31.9,42.0,60.0,208.0,176.0,1.0,16.3,29.1,,,,,,,,,,,,,,,,,,,,,2026-01-22 11:00:00+08:00
182446,Ramon Avancena High School,,Outdoor,airgradient:34b7dad31274,True,1/22/2026 12:00,2026-01-22T04:00:00.000Z,60,31.0,19.1,1318.0,411.0,411.0,29.1,29.3,31.6,43.0,61.0,85.0,90.0,1.0,21.6,36.0,,,,,,,,,,,,,,,,,,,,,2026-01-22 12:00:00+08:00
182446,Ramon Avancena High School,,Outdoor,airgradient:34b7dad31274,True,1/22/2026 13:00,2026-01-22T05:00:00.000Z,60,17.6,11.7,827.0,409.0,409.0,28.9,29.0,31.1,42.0,61.0,109.0,113.0,1.0,11.8,20.4,,,,,,,,,,,,,,,,,,,,,2026-01-22 13:00:00+08:00
182446,Ramon Avancena High School,,Outdoor,airgradient:34b7dad31274,True,1/22/2026 14:00,2026-01-22T06:00:00.000Z,60,1.2,2.4,240.0,402.0,402.0,28.5,28.6,30.4,42.0,60.0,79.0,84.0,1.0,0.3,1.9,,,,,,,,,,,,,,,,,,,,,2026-01-22 14:00:00+08:00
182446,Ramon Avancena High School,,Outdoor,airgradient:34b7dad31274,True,1/22/2026 15:00,2026-01-22T07:00:00.000Z,60,2.1,3.0,271.0,402.0,402.0,28.0,28.0,29.6,43.0,62.0,76.0,79.0,1.0,0.4,3.0,,,,,,,,,,,,,,,,,,,,,2026-01-22 15:00:00+08:00
182446,Ramon Avancena High School,,Outdoor,airgradient:34b7dad31274,True,1/22/2026 16:00,2026-01-22T08:00:00.000Z,60,3.8,4.1,338.0,400.0,400.0,28.0,27.9,29.4,43.0,61.0,88.0,92.0,1.0,0.9,4.5,,,,,,,,,,,,,,,,,,,,,2026-01-22 16:00:00+08:00
182446,Ramon Avancena High School,,Outdoor,airgradient:34b7dad31274,True,1/22/2026 17:00,2026-01-22T09:00:00.000Z,56,8.0,6.2,530.0,405.0,405.0,27.3,27.2,28.6,44.0,63.0,170.0,166.0,2.0,4.1,9.4,,,,,,,,,,,,,,,,,,,,,2026-01-22 17:00:00+08:00
182446,Ramon Avancena High School,,Outdoor,airgradient:34b7dad31274,False,1/24/2026 5:00,2026-01-23T21:00:00.000Z,3,30.9,16.3,1218.0,453.0,453.0,20.1,18.6,18.6,70.0,96.0,36.0,34.0,1.0,21.3,37.8,,,,,,,,,,,,,,,,,,,,,2026-01-24 05:00:00+08:00
182446,Ramon Avancena High School,,Outdoor,airgradient:34b7dad31274,False,1/26/2026 5:00,2026-01-25T21:00:00.000Z,36,51.3,37.9,2641.0,452.0,452.0,23.7,22.8,23.0,63.0,86.0,93.0,98.0,1.0,35.5,62.9,,,,,,,,,,,,,,,,,,,,,2026-01-26 05:00:00+08:00
182446,Ramon Avancena High School,,Outdoor,airgradient:34b7dad31274,False,1/26/2026 6:00,2026-01-25T22:00:00.000Z,60,44.1,32.0,2199.0,456.0,456.0,25.2,24.7,25.3,57.0,79.0,111.0,113.0,2.0,29.8,56.1,,,,,,,,,,,,,,,,,,,,,2026-01-26 06:00:00+08:00
182446,Ramon Avancena High School,,Outdoor,airgradient:34b7dad31274,False,1/26/2026 7:00,2026-01-25T23:00:00.000Z,60,38.7,25.7,1741.0,435.0,435.0,25.4,24.9,25.5,56.0,78.0,197.0,153.0,1.0,26.1,48.5,,,,,,,,,,,,,,,,,,,,,2026-01-26 07:00:00+08:00
182446,Ramon Avancena High School,,Outdoor,airgradient:34b7dad31274,True,1/26/2026 8:00,2026-01-26T00:00:00.000Z,60,43.8,32.0,2152.0,445.0,445.0,26.3,26.0,27.0,55.0,76.0,172.0,141.0,1.0,29.7,55.1,,,,,,,,,,,,,,,,,,,,,2026-01-26 08:00:00+08:00
182446,Ramon Avancena High School,,Outdoor,airgradient:34b7dad31274,True,1/26/2026 9:00,2026-01-26T01:00:00.000Z,60,47.7,37.2,2501.0,448.0,448.0,28.0,28.0,30.8,51.0,71.0,337.0,232.0,1.0,32.6,60.4,,,,,,,,,,,,,,,,,,,,,2026-01-26 09:00:00+08:00
182446,Ramon Avancena High School,,Outdoor,airgradient:34b7dad31274,True,1/26/2026 10:00,2026-01-26T02:00:00.000Z,60,46.4,35.7,2368.0,444.0,444.0,28.2,28.2,31.1,51.0,71.0,284.0,197.0,1.0,31.3,58.9,,,,,,,,,,,,,,,,,,,,,2026-01-26 10:00:00+08:00
182446,Ramon Avancena High School,,Outdoor,airgradient:34b7dad31274,True,1/26/2026 11:00,2026-01-26T03:00:00.000Z,60,50.6,40.3,2667.0,442.0,442.0,28.0,27.9,30.8,51.0,72.0,186.0,158.0,1.0,34.1,63.8,,,,,,,,,,,,,,,,,,,,,2026-01-26 11:00:00+08:00
182446,Ramon Avancena High School,,Outdoor,airgradient:34b7dad31274,True,1/26/2026 12:00,2026-01-26T04:00:00.000Z,60,41.1,28.9,1889.0,422.0,422.0,28.2,28.2,31.4,52.0,72.0,68.0,64.0,1.0,27.6,51.2,,,,,,,,,,,,,,,,,,,,,2026-01-26 12:00:00+08:00
182446,Ramon Avancena High School,,Outdoor,airgradient:34b7dad31274,True,1/26/2026 13:00,2026-01-26T05:00:00.000Z,60,39.9,27.4,1778.0,431.0,431.0,28.6,28.7,32.6,52.0,73.0,87.0,84.0,1.0,26.9,49.2,,,,,,,,,,,,,,,,,,,,,2026-01-26 13:00:00+08:00
182446,Ramon Avancena High School,,Outdoor,airgradient:34b7dad31274,True,1/26/2026 14:00,2026-01-26T06:00:00.000Z,60,37.1,24.2,1639.0,411.0,411.0,28.4,28.4,32.1,53.0,74.0,107.0,83.0,1.0,25.1,44.8,,,,,,,,,,,,,,,,,,,,,2026-01-26 14:00:00+08:00
182446,Ramon Avancena High School,,Outdoor,airgradient:34b7dad31274,True,1/26/2026 15:00,2026-01-26T07:00:00.000Z,60,22.2,12.8,923.0,399.0,399.0,28.1,28.1,31.7,55.0,76.0,57.0,49.0,1.0,13.3,25.6,,,,,,,,,,,,,,,,,,,,,2026-01-26 15:00:00+08:00
182446,Ramon Avancena High School,,Outdoor,airgradient:34b7dad31274,True,1/26/2026 16:00,2026-01-26T08:00:00.000Z,60,33.5,22.2,1547.0,417.0,417.0,27.9,27.8,31.5,57.0,79.0,292.0,217.0,1.0,22.0,40.8,,,,,,,,,,,,,,,,,,,,,2026-01-26 16:00:00+08:00
182446,Ramon Avancena High School,,Outdoor,airgradient:34b7dad31274,True,1/26/2026 17:00,2026-01-26T09:00:00.000Z,59,45.0,33.2,2246.0,426.0,426.0,27.8,27.7,31.5,58.0,81.0,356.0,253.0,1.0,30.6,55.9,,,,,,,,,,,,,,,,,,,,,2026-01-26 17:00:00+08:00
182446,Ramon Avancena High School,,Outdoor,airgradient:34b7dad31274,True,1/26/2026 18:00,2026-01-26T10:00:00.000Z,60,56.4,44.6,3118.0,445.0,445.0,27.5,27.4,31.0,60.0,83.0,934.0,420.0,2.0,39.2,67.9,,,,,,,,,,,,,,,,,,,,,2026-01-26 18:00:00+08:00
182446,Ramon Avancena High School,,Outdoor,airgradient:34b7dad31274,True,1/26/2026 19:00,2026-01-26T11:00:00.000Z,60,32.3,19.2,1371.0,409.0,409.0,27.2,27.0,29.8,58.0,80.0,251.0,193.0,1.0,22.2,37.7,,,,,,,,,,,,,,,,,,,,,2026-01-26 19:00:00+08:00
182446,Ramon Avancena High School,,Outdoor,airgradient:34b7dad31274,False,1/26/2026 20:00,2026-01-26T12:00:00.000Z,60,28.4,15.8,1142.0,409.0,409.0,27.0,26.8,29.4,58.0,80.0,417.0,299.0,1.0,19.7,32.6,,,,,,,,,,,,,,,,,,,,,2026-01-26 20:00:00+08:00
182446,Ramon Avancena High School,,Outdoor,airgradient:34b7dad31274,False,1/26/2026 21:00,2026-01-26T13:00:00.000Z,60,25.4,14.1,1000.0,409.0,409.0,27.1,26.9,29.5,58.0,80.0,406.0,273.0,1.0,16.3,28.2,,,,,,,,,,,,,,,,,,,,,2026-01-26 21:00:00+08:00
182446,Ramon Avancena High School,,Outdoor,airgradient:34b7dad31274,False,1/26/2026 22:00,2026-01-26T14:00:00.000Z,23,25.3,14.1,1005.0,413.0,413.0,27.1,26.9,29.6,57.0,80.0,1026.0,461.0,1.0,17.1,28.0,,,,,,,,,,,,,,,,,,,,,2026-01-26 22:00:00+08:00
182446,Ramon Avancena High School,,Outdoor,airgradient:34b7dad31274,False,1/27/2026 1:00,2026-01-26T17:00:00.000Z,60,4.5,2.5,399.0,416.0,416.0,25.4,24.9,25.6,65.0,89.0,106.0,108.0,1.0,2.0,5.1,,,,,,,,,,,,,,,,,,,,,2026-01-27 01:00:00+08:00
182446,Ramon Avancena High School,,Outdoor,airgradient:34b7dad31274,False,1/27/2026 2:00,2026-01-26T18:00:00.000Z,60,5.6,3.4,460.0,415.0,415.0,26.6,26.3,28.0,61.0,84.0,346.0,257.0,1.0,3.2,6.5,,,,,,,,,,,,,,,,,,,,,2026-01-27 02:00:00+08:00
182446,Ramon Avancena High School,,Outdoor,airgradient:34b7dad31274,False,1/27/2026 3:00,2026-01-26T19:00:00.000Z,60,6.2,4.3,468.0,412.0,412.0,26.4,26.0,26.9,61.0,85.0,148.0,138.0,1.0,3.1,7.5,,,,,,,,,,,,,,,,,,,,,2026-01-27 03:00:00+08:00
182446,Ramon Avancena High School,,Outdoor,airgradient:34b7dad31274,False,1/27/2026 4:00,2026-01-26T20:00:00.000Z,60,8.2,5.3,578.0,413.0,413.0,26.3,26.0,26.9,62.0,85.0,45.0,44.0,1.0,5.1,9.4,,,,,,,,,,,,,,,,,,,,,2026-01-27 04:00:00+08:00
182446,Ramon Avancena High School,,Outdoor,airgradient:34b7dad31274,False,1/27/2026 5:00,2026-01-26T21:00:00.000Z,60,5.2,3.2,439.0,411.0,411.0,26.3,26.0,26.9,62.0,85.0,121.0,114.0,1.0,2.7,6.2,,,,,,,,,,,,,,,,,,,,,2026-01-27 05:00:00+08:00
182446,Ramon Avancena High School,,Outdoor,airgradient:34b7dad31274,False,1/27/2026 6:00,2026-01-26T22:00:00.000Z,60,7.8,4.6,549.0,406.0,406.0,26.1,25.7,26.6,64.0,88.0,107.0,109.0,1.0,4.8,9.2,,,,,,,,,,,,,,,,,,,,,2026-01-27 06:00:00+08:00
182446,Ramon Avancena High School,,Outdoor,airgradient:34b7dad31274,False,1/27/2026 7:00,2026-01-26T23:00:00.000Z,59,7.6,4.4,529.0,403.0,403.0,26.5,26.2,27.6,62.0,85.0,29.0,25.0,1.0,4.4,8.8,,,,,,,,,,,,,,,,,,,,,2026-01-27 07:00:00+08:00
182446,Ramon Avancena High School,,Outdoor,airgradient:34b7dad31274,True,1/27/2026 8:00,2026-01-27T00:00:00.000Z,20,14.6,8.3,745.0,403.0,403.0,27.0,26.8,29.3,59.0,82.0,31.0,28.0,1.0,8.8,17.0,,,,,,,,,,,,,,,,,,,,,2026-01-27 08:00:00+08:00
182446,Ramon Avancena High School,,Outdoor,airgradient:34b7dad31274,True,1/29/2026 14:00,2026-01-29T06:00:00.000Z,20,0.4,1.4,202.0,407.0,407.0,28.3,28.3,30.5,46.0,65.0,102.0,102.0,1.0,0.0,1.0,,,,,,,,,,,,,,,,,,,,,2026-01-29 14:00:00+08:00
182446,Ramon Avancena High School,,Outdoor,airgradient:34b7dad31274,True,1/29/2026 15:00,2026-01-29T07:00:00.000Z,60,1.3,2.5,242.0,400.0,400.0,28.8,28.9,31.3,44.0,63.0,138.0,132.0,1.0,0.1,2.1,,,,,,,,,,,,,,,,,,,,,2026-01-29 15:00:00+08:00
182446,Ramon Avancena High School,,Outdoor,airgradient:34b7dad31274,True,1/29/2026 16:00,2026-01-29T08:00:00.000Z,15,3.0,3.2,328.0,399.0,399.0,28.6,28.6,31.0,45.0,64.0,145.0,140.0,1.0,1.0,4.2,,,,,,,,,,,,,,,,,,,,,2026-01-29 16:00:00+08:00
182446,Ramon Avancena High School,,Outdoor,airgradient:34b7dad31274,True,1/30/2026 13:00,2026-01-30T05:00:00.000Z,3,22.8,10.8,793.0,471.0,471.0,22.0,20.9,20.9,81.0,100.0,28.0,25.0,1.0,10.4,24.9,,,,,,,,,,,,,,,,,,,,,2026-01-30 13:00:00+08:00
182446,Ramon Avancena High School,,Outdoor,airgradient:34b7dad31274,True,1/30/2026 14:00,2026-01-30T06:00:00.000Z,5,22.5,10.9,881.0,445.0,445.0,23.0,22.1,22.1,77.0,100.0,87.0,92.0,1.0,11.5,25.2,,,,,,,,,,,,,,,,,,,,,2026-01-30 14:00:00+08:00
182446,Ramon Avancena High School,,Outdoor,airgradient:34b7dad31274,True,1/30/2026 15:00,2026-01-30T07:00:00.000Z,40,49.9,37.7,2629.0,441.0,441.0,25.4,24.9,25.8,66.0,90.0,101.0,106.0,1.0,34.4,61.5,,,,,,,,,,,,,,,,,,,,,2026-01-30 15:00:00+08:00
182446,Ramon Avancena High School,,Outdoor,airgradient:34b7dad31274,True,1/30/2026 16:00,2026-01-30T08:00:00.000Z,45,25.4,14.2,1114.0,421.0,421.0,26.2,25.9,26.7,62.0,85.0,82.0,84.0,1.0,17.3,29.4,,,,,,,,,,,,,,,,,,,,,2026-01-30 16:00:00+08:00
182446,Ramon Avancena High School,,Outdoor,airgradient:34b7dad31274,False,2/3/2026 5:00,2026-02-02T21:00:00.000Z,30,44.6,31.5,2292.0,480.0,480.0,23.8,23.0,23.1,63.0,87.0,89.0,94.0,2.0,31.6,54.6,,,,,,,,,,,,,,,,,,,,,2026-02-03 05:00:00+08:00
182446,Ramon Avancena High School,,Outdoor,airgradient:34b7dad31274,False,2/3/2026 6:00,2026-02-02T22:00:00.000Z,60,41.1,28.4,2112.0,472.0,472.0,25.6,25.2,25.8,56.0,78.0,301.0,205.0,2.0,29.1,50.7,,,,,,,,,,,,,,,,,,,,,2026-02-03 06:00:00+08:00
182446,Ramon Avancena High School,,Outdoor,airgradient:34b7dad31274,False,2/3/2026 7:00,2026-02-02T23:00:00.000Z,60,38.5,25.9,1907.0,465.0,465.0,26.9,26.6,28.1,52.0,72.0,240.0,208.0,1.0,27.3,47.9,,,,,,,,,,,,,,,,,,,,,2026-02-03 07:00:00+08:00
182446,Ramon Avancena High School,,Outdoor,airgradient:34b7dad31274,True,2/3/2026 8:00,2026-02-03T00:00:00.000Z,59,38.6,25.7,1721.0,450.0,450.0,27.4,27.2,29.2,49.0,70.0,51.0,52.0,1.0,25.6,50.8,,,,,,,,,,,,,,,,,,,,,2026-02-03 08:00:00+08:00
182446,Ramon Avancena High School,,Outdoor,airgradient:34b7dad31274,True,2/3/2026 9:00,2026-02-03T01:00:00.000Z,55,36.2,23.6,1591.0,450.0,450.0,29.5,29.8,33.3,45.0,65.0,64.0,66.0,1.0,24.4,45.4,,,,,,,,,,,,,,,,,,,,,2026-02-03 09:00:00+08:00
182446,Ramon Avancena High School,,Outdoor,airgradient:34b7dad31274,True,2/3/2026 10:00,2026-02-03T02:00:00.000Z,60,17.5,11.4,847.0,446.0,446.0,30.8,31.3,35.8,43.0,61.0,62.0,65.0,1.0,11.9,20.6,,,,,,,,,,,,,,,,,,,,,2026-02-03 10:00:00+08:00
182446,Ramon Avancena High School,,Outdoor,airgradient:34b7dad31274,True,2/3/2026 11:00,2026-02-03T03:00:00.000Z,54,2.8,3.7,320.0,422.0,422.0,30.9,31.4,35.4,41.0,59.0,38.0,37.0,1.0,0.7,3.6,,,,,,,,,,,,,,,,,,,,,2026-02-03 11:00:00+08:00
182446,Ramon Avancena High School,,Outdoor,airgradient:34b7dad31274,False,2/4/2026 5:00,2026-02-03T21:00:00.000Z,26,44.8,32.5,2357.0,473.0,473.0,23.6,22.7,22.9,64.0,88.0,98.0,102.0,2.0,31.0,57.0,,,,,,,,,,,,,,,,,,,,,2026-02-04 05:00:00+08:00
182446,Ramon Avancena High School,,Outdoor,airgradient:34b7dad31274,False,2/4/2026 6:00,2026-02-03T22:00:00.000Z,60,48.3,37.5,2688.0,475.0,475.0,25.7,25.3,25.9,56.0,78.0,136.0,130.0,1.0,33.6,62.0,,,,,,,,,,,,,,,,,,,,,2026-02-04 06:00:00+08:00
182446,Ramon Avancena High School,,Outdoor,airgradient:34b7dad31274,False,2/4/2026 7:00,2026-02-03T23:00:00.000Z,60,62.3,50.1,3590.0,480.0,480.0,26.5,26.2,27.3,54.0,75.0,75.0,71.0,1.0,44.0,75.6,,,,,,,,,,,,,,,,,,,,,2026-02-04 07:00:00+08:00
182446,Ramon Avancena High School,,Outdoor,airgradient:34b7dad31274,True,2/4/2026 8:00,2026-02-04T00:00:00.000Z,60,43.3,31.7,2082.0,451.0,451.0,28.0,27.9,30.6,50.0,71.0,15.0,7.0,1.0,28.2,55.8,,,,,,,,,,,,,,,,,,,,,2026-02-04 08:00:00+08:00
182446,Ramon Avancena High School,,Outdoor,airgradient:34b7dad31274,True,2/4/2026 9:00,2026-02-04T01:00:00.000Z,60,22.0,14.2,999.0,422.0,422.0,29.7,30.0,34.2,47.0,67.0,17.0,10.0,1.0,13.9,26.6,,,,,,,,,,,,,,,,,,,,,2026-02-04 09:00:00+08:00
182446,Ramon Avancena High School,,Outdoor,airgradient:34b7dad31274,True,2/4/2026 10:00,2026-02-04T02:00:00.000Z,60,23.5,14.7,985.0,422.0,422.0,29.0,29.2,32.8,49.0,69.0,18.0,11.0,1.0,13.9,28.9,,,,,,,,,,,,,,,,,,,,,2026-02-04 10:00:00+08:00
182446,Ramon Avancena High School,,Outdoor,airgradient:34b7dad31274,True,2/4/2026 11:00,2026-02-04T03:00:00.000Z,60,36.9,24.1,1618.0,423.0,423.0,28.3,28.4,31.9,53.0,74.0,17.0,11.0,2.0,25.0,45.9,,,,,,,,,,,,,,,,,,,,,2026-02-04 11:00:00+08:00
182446,Ramon Avancena High School,,Outdoor,airgradient:34b7dad31274,True,2/4/2026 12:00,2026-02-04T04:00:00.000Z,60,17.7,11.9,867.0,415.0,415.0,29.2,29.4,33.3,48.0,68.0,23.0,19.0,2.0,12.0,21.6,,,,,,,,,,,,,,,,,,,,,2026-02-04 12:00:00+08:00
182446,Ramon Avancena High School,,Outdoor,airgradient:34b7dad31274,True,2/4/2026 13:00,2026-02-04T05:00:00.000Z,60,2.1,3.1,257.0,408.0,408.0,30.0,30.4,33.9,43.0,62.0,31.0,27.0,1.0,0.4,3.6,,,,,,,,,,,,,,,,,,,,,2026-02-04 13:00:00+08:00
182446,Ramon Avancena High School,,Outdoor,airgradient:34b7dad31274,True,2/4/2026 14:00,2026-02-04T06:00:00.000Z,60,1.5,2.8,252.0,403.0,403.0,29.9,30.2,33.6,43.0,62.0,26.0,22.0,1.0,0.2,2.9,,,,,,,,,,,,,,,,,,,,,2026-02-04 14:00:00+08:00
182446,Ramon Avancena High School,,Outdoor,airgradient:34b7dad31274,True,2/4/2026 15:00,2026-02-04T07:00:00.000Z,42,1.7,2.8,255.0,405.0,405.0,29.2,29.4,32.0,44.0,62.0,33.0,30.0,1.0,0.0,3.0,,,,,,,,,,,,,,,,,,,,,2026-02-04 15:00:00+08:00
182446,Ramon Avancena High School,,Outdoor,airgradient:34b7dad31274,True,2/4/2026 16:00,2026-02-04T08:00:00.000Z,60,2.5,3.3,290.0,406.0,406.0,28.7,28.8,31.0,43.0,62.0,112.0,115.0,1.0,0.4,3.8,,,,,,,,,,,,,,,,,,,,,2026-02-04 16:00:00+08:00
182446,Ramon Avancena High School,,Outdoor,airgradient:34b7dad31274,True,2/4/2026 17:00,2026-02-04T09:00:00.000Z,60,7.1,5.7,411.0,407.0,407.0,28.4,28.4,30.4,44.0,62.0,167.0,158.0,1.0,2.5,9.4,,,,,,,,,,,,,,,,,,,,,2026-02-04 17:00:00+08:00
182446,Ramon Avancena High School,,Outdoor,airgradient:34b7dad31274,True,2/4/2026 18:00,2026-02-04T10:00:00.000Z,60,8.5,6.3,493.0,410.0,410.0,27.8,27.7,29.5,45.0,64.0,239.0,217.0,1.0,3.9,12.1,,,,,,,,,,,,,,,,,,,,,2026-02-04 18:00:00+08:00
182446,Ramon Avancena High School,,Outdoor,airgradient:34b7dad31274,True,2/4/2026 19:00,2026-02-04T11:00:00.000Z,60,19.6,12.1,791.0,413.0,413.0,27.4,27.3,28.9,46.0,65.0,457.0,315.0,1.0,9.7,23.2,,,,,,,,,,,,,,,,,,,,,2026-02-04 19:00:00+08:00
182446,Ramon Avancena High School,,Outdoor,airgradient:34b7dad31274,False,2/4/2026 20:00,2026-02-04T12:00:00.000Z,60,28.2,16.6,1081.0,420.0,420.0,27.0,26.8,28.3,47.0,66.0,1102.0,461.0,1.0,19.1,32.6,,,,,,,,,,,,,,,,,,,,,2026-02-04 20:00:00+08:00
182446,Ramon Avancena High School,,Outdoor,airgradient:34b7dad31274,False,2/4/2026 21:00,2026-02-04T13:00:00.000Z,59,28.7,16.9,1117.0,423.0,423.0,26.8,26.5,27.5,48.0,68.0,1632.0,487.0,1.0,18.7,33.1,,,,,,,,,,,,,,,,,,,,,2026-02-04 21:00:00+08:00
182446,Ramon Avancena High School,,Outdoor,airgradient:34b7dad31274,False,2/4/2026 22:00,2026-02-04T14:00:00.000Z,6,24.5,14.4,954.0,423.0,423.0,26.7,26.4,27.1,48.0,68.0,2339.0,500.0,1.0,14.7,29.8,,,,,,,,,,,,,,,,,,,,,2026-02-04 22:00:00+08:00
182446,Ramon Avancena High School,,Outdoor,airgradient:34b7dad31274,True,2/5/2026 15:00,2026-02-05T07:00:00.000Z,9,2.9,3.2,280.0,414.0,414.0,26.6,26.3,27.2,47.0,66.0,79.0,81.0,1.0,0.1,4.0,,,,,,,,,,,,,,,,,,,,,2026-02-05 15:00:00+08:00
182446,Ramon Avancena High School,,Outdoor,airgradient:34b7dad31274,True,2/5/2026 17:00,2026-02-05T09:00:00.000Z,53,5.3,4.4,394.0,419.0,419.0,27.0,26.8,28.2,48.0,67.0,95.0,100.0,1.0,2.0,6.8,,,,,,,,,,,,,,,,,,,,,2026-02-05 17:00:00+08:00
182446,Ramon Avancena High School,,Outdoor,airgradient:34b7dad31274,True,2/5/2026 18:00,2026-02-05T10:00:00.000Z,60,14.0,9.1,648.0,415.0,415.0,27.3,27.1,28.7,47.0,66.0,292.0,250.0,1.0,6.4,17.9,,,,,,,,,,,,,,,,,,,,,2026-02-05 18:00:00+08:00
182446,Ramon Avancena High School,,Outdoor,airgradient:34b7dad31274,True,2/5/2026 19:00,2026-02-05T11:00:00.000Z,60,23.5,15.7,1065.0,424.0,424.0,27.3,27.1,28.6,46.0,66.0,480.0,278.0,1.0,13.3,27.9,,,,,,,,,,,,,,,,,,,,,2026-02-05 19:00:00+08:00
182446,Ramon Avancena High School,,Outdoor,airgradient:34b7dad31274,False,2/5/2026 20:00,2026-02-05T12:00:00.000Z,58,26.8,15.8,1055.0,423.0,423.0,27.1,26.9,28.5,47.0,66.0,1282.0,472.0,1.0,17.8,30.4,,,,,,,,,,,,,,,,,,,,,2026-02-05 20:00:00+08:00
182446,Ramon Avancena High School,,Outdoor,airgradient:34b7dad31274,False,2/5/2026 21:00,2026-02-05T13:00:00.000Z,60,20.3,12.3,804.0,421.0,421.0,27.1,26.9,28.5,48.0,68.0,848.0,423.0,1.0,10.3,23.9,,,,,,,,,,,,,,,,,,,,,2026-02-05 21:00:00+08:00
182446,Ramon Avancena High School,,Outdoor,airgradient:34b7dad31274,False,2/5/2026 22:00,2026-02-05T14:00:00.000Z,3,17.0,10.5,686.0,417.0,417.0,27.0,26.8,28.4,48.0,68.0,858.0,445.0,1.0,6.8,20.2,,,,,,,,,,,,,,,,,,,,,2026-02-05 22:00:00+08:00
182446,Ramon Avancena High School,,Outdoor,airgradient:34b7dad31274,False,2/6/2026 5:00,2026-02-05T21:00:00.000Z,28,40.5,27.3,1889.0,448.0,448.0,23.9,23.1,23.3,64.0,88.0,96.0,100.0,1.0,27.4,53.4,,,,,,,,,,,,,,,,,,,,,2026-02-06 05:00:00+08:00
182446,Ramon Avancena High School,,Outdoor,airgradient:34b7dad31274,False,2/6/2026 6:00,2026-02-05T22:00:00.000Z,32,38.3,25.8,1823.0,437.0,437.0,26.2,25.8,26.4,53.0,75.0,159.0,153.0,1.0,26.3,48.4,,,,,,,,,,,,,,,,,,,,,2026-02-06 06:00:00+08:00
182446,Ramon Avancena High School,,Outdoor,airgradient:34b7dad31274,False,2/6/2026 7:00,2026-02-05T23:00:00.000Z,54,47.2,36.0,2556.0,472.0,472.0,26.7,26.4,27.6,52.0,72.0,280.0,242.0,1.0,32.8,59.9,,,,,,,,,,,,,,,,,,,,,2026-02-06 07:00:00+08:00
182446,Ramon Avancena High School,,Outdoor,airgradient:34b7dad31274,True,2/6/2026 8:00,2026-02-06T00:00:00.000Z,56,44.0,32.5,2222.0,452.0,452.0,26.9,26.7,28.5,51.0,72.0,137.0,139.0,1.0,30.1,55.8,,,,,,,,,,,,,,,,,,,,,2026-02-06 08:00:00+08:00
182446,Ramon Avancena High School,,Outdoor,airgradient:34b7dad31274,True,2/6/2026 9:00,2026-02-06T01:00:00.000Z,49,45.3,34.2,2288.0,442.0,442.0,27.9,27.8,30.3,50.0,70.0,94.0,99.0,1.0,30.9,57.0,,,,,,,,,,,,,,,,,,,,,2026-02-06 09:00:00+08:00
182446,Ramon Avancena High School,,Outdoor,airgradient:34b7dad31274,True,2/6/2026 10:00,2026-02-06T02:00:00.000Z,46,38.2,26.9,1788.0,439.0,439.0,29.0,29.1,32.3,47.0,67.0,73.0,77.0,1.0,25.8,47.8,,,,,,,,,,,,,,,,,,,,,2026-02-06 10:00:00+08:00
182446,Ramon Avancena High School,,Outdoor,airgradient:34b7dad31274,True,2/6/2026 11:00,2026-02-06T03:00:00.000Z,51,32.0,22.8,1430.0,422.0,422.0,28.7,28.8,31.8,47.0,67.0,59.0,60.0,1.0,18.7,39.2,,,,,,,,,,,,,,,,,,,,,2026-02-06 11:00:00+08:00
182446,Ramon Avancena High School,,Outdoor,airgradient:34b7dad31274,True,2/6/2026 12:00,2026-02-06T04:00:00.000Z,35,8.8,6.8,538.0,415.0,415.0,28.8,28.9,31.9,47.0,66.0,35.0,33.0,1.0,4.7,10.7,,,,,,,,,,,,,,,,,,,,,2026-02-06 12:00:00+08:00
182446,Ramon Avancena High School,,Outdoor,airgradient:34b7dad31274,True,2/6/2026 13:00,2026-02-06T05:00:00.000Z,6,9.4,6.7,566.0,438.0,438.0,29.4,29.5,33.0,46.0,65.0,41.0,41.0,1.0,5.0,12.1,,,,,,,,,,,,,,,,,,,,,2026-02-06 13:00:00+08:00
182446,Ramon Avancena High School,,Outdoor,airgradient:34b7dad31274,True,2/9/2026 11:00,2026-02-09T03:00:00.000Z,25,2.6,2.4,287.0,423.0,423.0,27.3,27.1,28.8,49.0,69.0,86.0,91.0,1.0,0.9,3.8,,,,,,,,,,,,,,,,,,,,,2026-02-09 11:00:00+08:00
182446,Ramon Avancena High School,,Outdoor,airgradient:34b7dad31274,True,2/9/2026 12:00,2026-02-09T04:00:00.000Z,60,0.8,1.1,196.0,419.0,419.0,29.0,29.2,31.9,44.0,63.0,85.0,88.0,1.0,0.4,1.1,,,,,,,,,,,,,,,,,,,,,2026-02-09 12:00:00+08:00
182446,Ramon Avancena High School,,Outdoor,airgradient:34b7dad31274,True,2/9/2026 13:00,2026-02-09T05:00:00.000Z,53,1.6,1.5,217.0,420.0,420.0,29.3,29.5,32.3,44.0,62.0,62.0,64.0,1.0,1.0,2.1,,,,,,,,,,,,,,,,,,,,,2026-02-09 13:00:00+08:00
182446,Ramon Avancena High School,,Outdoor,airgradient:34b7dad31274,True,2/9/2026 14:00,2026-02-09T06:00:00.000Z,59,0.0,0.1,119.0,415.0,415.0,29.2,29.3,32.0,44.0,62.0,47.0,47.0,1.0,0.0,0.1,,,,,,,,,,,,,,,,,,,,,2026-02-09 14:00:00+08:00
182446,Ramon Avancena High School,,Outdoor,airgradient:34b7dad31274,True,2/9/2026 15:00,2026-02-09T07:00:00.000Z,27,0.0,0.1,107.0,415.0,415.0,28.7,28.8,31.3,45.0,64.0,60.0,62.0,1.0,0.0,0.2,,,,,,,,,,,,,,,,,,,,,2026-02-09 15:00:00+08:00
182446,Ramon Avancena High School,,Outdoor,airgradient:34b7dad31274,False,2/10/2026 5:00,2026-02-09T21:00:00.000Z,5,73.9,56.3,4447.0,456.0,456.0,21.1,19.8,19.7,70.0,96.0,80.0,82.0,1.0,53.6,85.8,,,,,,,,,,,,,,,,,,,,,2026-02-10 05:00:00+08:00
182446,Ramon Avancena High School,,Outdoor,airgradient:34b7dad31274,False,2/10/2026 6:00,2026-02-09T22:00:00.000Z,60,42.3,29.4,2158.0,448.0,448.0,24.8,24.2,24.6,58.0,80.0,99.0,104.0,2.0,29.9,52.1,,,,,,,,,,,,,,,,,,,,,2026-02-10 06:00:00+08:00
182446,Ramon Avancena High School,,Outdoor,airgradient:34b7dad31274,False,2/10/2026 7:00,2026-02-09T23:00:00.000Z,60,41.6,29.2,2156.0,446.0,446.0,26.2,25.8,26.4,54.0,75.0,96.0,98.0,1.0,29.6,51.2,,,,,,,,,,,,,,,,,,,,,2026-02-10 07:00:00+08:00
182446,Ramon Avancena High School,,Outdoor,airgradient:34b7dad31274,True,2/10/2026 8:00,2026-02-10T00:00:00.000Z,60,30.0,17.3,1248.0,435.0,435.0,26.8,26.5,27.8,53.0,74.0,24.0,19.0,1.0,21.4,34.7,,,,,,,,,,,,,,,,,,,,,2026-02-10 08:00:00+08:00
182446,Ramon Avancena High School,,Outdoor,airgradient:34b7dad31274,True,2/10/2026 9:00,2026-02-10T01:00:00.000Z,60,31.2,18.7,1320.0,445.0,445.0,29.3,29.5,33.5,48.0,68.0,87.0,63.0,1.0,22.0,36.0,,,,,,,,,,,,,,,,,,,,,2026-02-10 09:00:00+08:00
182446,Ramon Avancena High School,,Outdoor,airgradient:34b7dad31274,True,2/10/2026 10:00,2026-02-10T02:00:00.000Z,60,35.4,22.6,1520.0,442.0,442.0,28.4,28.5,31.5,50.0,70.0,35.0,32.0,1.0,24.1,43.0,,,,,,,,,,,,,,,,,,,,,2026-02-10 10:00:00+08:00
182446,Ramon Avancena High School,,Outdoor,airgradient:34b7dad31274,True,2/10/2026 11:00,2026-02-10T03:00:00.000Z,58,37.6,25.1,1680.0,429.0,429.0,28.4,28.5,31.4,49.0,68.0,90.0,90.0,1.0,25.9,45.5,,,,,,,,,,,,,,,,,,,,,2026-02-10 11:00:00+08:00
182446,Ramon Avancena High School,,Outdoor,airgradient:34b7dad31274,True,2/10/2026 12:00,2026-02-10T04:00:00.000Z,56,38.1,25.6,1736.0,427.0,427.0,28.8,28.9,32.2,49.0,69.0,65.0,55.0,1.0,26.5,46.0,,,,,,,,,,,,,,,,,,,,,2026-02-10 12:00:00+08:00
182446,Ramon Avancena High School,,Outdoor,airgradient:34b7dad31274,True,2/10/2026 13:00,2026-02-10T05:00:00.000Z,60,30.3,18.1,1280.0,432.0,432.0,28.5,28.6,32.1,51.0,71.0,104.0,106.0,1.0,20.9,34.4,,,,,,,,,,,,,,,,,,,,,2026-02-10 13:00:00+08:00
182446,Ramon Avancena High School,,Outdoor,airgradient:34b7dad31274,True,2/10/2026 14:00,2026-02-10T06:00:00.000Z,58,21.4,12.6,895.0,428.0,428.0,28.9,29.0,33.0,51.0,72.0,124.0,128.0,1.0,12.5,24.6,,,,,,,,,,,,,,,,,,,,,2026-02-10 14:00:00+08:00
182446,Ramon Avancena High School,,Outdoor,airgradient:34b7dad31274,True,2/10/2026 15:00,2026-02-10T07:00:00.000Z,60,22.2,13.1,944.0,425.0,425.0,28.7,28.8,32.6,51.0,72.0,102.0,101.0,1.0,13.5,25.6,,,,,,,,,,,,,,,,,,,,,2026-02-10 15:00:00+08:00
182446,Ramon Avancena High School,,Outdoor,airgradient:34b7dad31274,True,2/10/2026 16:00,2026-02-10T08:00:00.000Z,60,11.3,7.4,633.0,415.0,415.0,28.6,28.7,32.2,51.0,71.0,65.0,62.0,1.0,6.5,14.4,,,,,,,,,,,,,,,,,,,,,2026-02-10 16:00:00+08:00
182446,Ramon Avancena High School,,Outdoor,airgradient:34b7dad31274,True,2/10/2026 17:00,2026-02-10T09:00:00.000Z,60,5.8,4.4,396.0,412.0,412.0,28.3,28.3,31.1,49.0,69.0,171.0,160.0,1.0,2.6,7.1,,,,,,,,,,,,,,,,,,,,,2026-02-10 17:00:00+08:00
182446,Ramon Avancena High School,,Outdoor,airgradient:34b7dad31274,True,2/10/2026 18:00,2026-02-10T10:00:00.000Z,60,14.3,8.9,635.0,413.0,413.0,27.8,27.7,30.0,50.0,70.0,124.0,121.0,1.0,6.7,16.6,,,,,,,,,,,,,,,,,,,,,2026-02-10 18:00:00+08:00
182446,Ramon Avancena High School,,Outdoor,airgradient:34b7dad31274,True,2/10/2026 19:00,2026-02-10T11:00:00.000Z,60,22.1,12.8,881.0,414.0,414.0,27.3,27.2,29.5,53.0,74.0,95.0,94.0,1.0,13.0,24.7,,,,,,,,,,,,,,,,,,,,,2026-02-10 19:00:00+08:00
182446,Ramon Avancena High School,,Outdoor,airgradient:34b7dad31274,False,2/10/2026 20:00,2026-02-10T12:00:00.000Z,60,20.3,11.7,795.0,418.0,418.0,26.9,26.6,28.6,54.0,75.0,81.0,82.0,1.0,9.7,22.6,,,,,,,,,,,,,,,,,,,,,2026-02-10 20:00:00+08:00
182446,Ramon Avancena High School,,Outdoor,airgradient:34b7dad31274,False,2/10/2026 21:00,2026-02-10T13:00:00.000Z,60,18.9,11.0,758.0,421.0,421.0,26.9,26.7,28.7,54.0,75.0,1362.0,435.0,1.0,8.5,22.0,,,,,,,,,,,,,,,,,,,,,2026-02-10 21:00:00+08:00
182446,Ramon Avancena High School,,Outdoor,airgradient:34b7dad31274,False,2/10/2026 22:00,2026-02-10T14:00:00.000Z,60,18.4,10.7,765.0,424.0,424.0,26.8,26.6,28.5,54.0,75.0,1274.0,427.0,1.0,8.8,21.8,,,,,,,,,,,,,,,,,,,,,2026-02-10 22:00:00+08:00
182446,Ramon Avancena High School,,Outdoor,airgradient:34b7dad31274,False,2/10/2026 23:00,2026-02-10T15:00:00.000Z,60,16.9,9.9,727.0,427.0,427.0,26.8,26.6,28.6,55.0,76.0,1588.0,444.0,1.0,7.9,20.3,,,,,,,,,,,,,,,,,,,,,2026-02-10 23:00:00+08:00
182446,Ramon Avancena High School,,Outdoor,airgradient:34b7dad31274,False,2/11/2026 0:00,2026-02-10T16:00:00.000Z,34,20.6,11.7,828.0,436.0,436.0,26.7,26.4,27.8,55.0,77.0,2383.0,500.0,1.0,10.5,23.6,,,,,,,,,,,,,,,,,,,,,2026-02-11 00:00:00+08:00
182446,Ramon Avancena High School,,Outdoor,airgradient:34b7dad31274,False,2/11/2026 3:00,2026-02-10T19:00:00.000Z,17,30.4,16.5,1281.0,446.0,446.0,24.2,23.5,23.7,65.0,89.0,124.0,128.0,1.0,21.8,35.9,,,,,,,,,,,,,,,,,,,,,2026-02-11 03:00:00+08:00
182446,Ramon Avancena High School,,Outdoor,airgradient:34b7dad31274,False,2/11/2026 4:00,2026-02-10T20:00:00.000Z,60,27.6,15.2,1128.0,436.0,436.0,25.9,25.5,26.2,59.0,81.0,81.0,84.0,1.0,19.2,31.8,,,,,,,,,,,,,,,,,,,,,2026-02-11 04:00:00+08:00
182446,Ramon Avancena High School,,Outdoor,airgradient:34b7dad31274,False,2/11/2026 5:00,2026-02-10T21:00:00.000Z,51,41.1,27.9,2053.0,440.0,440.0,26.0,25.6,26.3,58.0,80.0,139.0,117.0,1.0,29.1,49.8,,,,,,,,,,,,,,,,,,,,,2026-02-11 05:00:00+08:00
182446,Ramon Avancena High School,,Outdoor,airgradient:34b7dad31274,True,2/11/2026 9:00,2026-02-11T01:00:00.000Z,5,44.9,34.1,2209.0,436.0,436.0,30.8,31.2,36.9,46.0,65.0,78.0,83.0,1.0,30.7,56.2,,,,,,,,,,,,,,,,,,,,,2026-02-11 09:00:00+08:00
182446,Ramon Avancena High School,,Outdoor,airgradient:34b7dad31274,True,2/11/2026 10:00,2026-02-11T02:00:00.000Z,60,45.0,34.1,2244.0,450.0,450.0,29.9,30.2,35.0,48.0,68.0,92.0,98.0,1.0,30.8,56.1,,,,,,,,,,,,,,,,,,,,,2026-02-11 10:00:00+08:00
182446,Ramon Avancena High School,,Outdoor,airgradient:34b7dad31274,True,2/11/2026 11:00,2026-02-11T03:00:00.000Z,60,42.3,30.5,2044.0,427.0,427.0,29.0,29.1,33.2,50.0,71.0,40.0,39.0,1.0,29.0,52.0,,,,,,,,,,,,,,,,,,,,,2026-02-11 11:00:00+08:00
182446,Ramon Avancena High School,,Outdoor,airgradient:34b7dad31274,True,2/11/2026 12:00,2026-02-11T04:00:00.000Z,55,33.3,20.2,1424.0,429.0,429.0,28.7,28.8,32.9,52.0,73.0,80.0,84.0,1.0,23.0,39.2,,,,,,,,,,,,,,,,,,,,,2026-02-11 12:00:00+08:00
182446,Ramon Avancena High School,,Outdoor,airgradient:34b7dad31274,True,2/11/2026 13:00,2026-02-11T05:00:00.000Z,58,34.3,21.3,1471.0,439.0,439.0,28.9,29.0,33.3,52.0,73.0,190.0,169.0,1.0,23.6,41.2,,,,,,,,,,,,,,,,,,,,,2026-02-11 13:00:00+08:00
182446,Ramon Avancena High School,,Outdoor,airgradient:34b7dad31274,True,2/11/2026 14:00,2026-02-11T06:00:00.000Z,58,21.2,12.4,884.0,417.0,417.0,28.8,28.9,33.0,52.0,73.0,140.0,144.0,1.0,12.2,23.8,,,,,,,,,,,,,,,,,,,,,2026-02-11 14:00:00+08:00
182446,Ramon Avancena High School,,Outdoor,airgradient:34b7dad31274,True,2/11/2026 15:00,2026-02-11T07:00:00.000Z,31,24.8,14.2,1018.0,427.0,427.0,28.2,28.2,31.8,55.0,76.0,131.0,131.0,1.0,15.9,27.9,,,,,,,,,,,,,,,,,,,,,2026-02-11 15:00:00+08:00
182446,Ramon Avancena High School,,Outdoor,airgradient:34b7dad31274,True,2/11/2026 16:00,2026-02-11T08:00:00.000Z,4,32.6,19.0,1388.0,421.0,421.0,27.1,26.8,29.4,58.0,80.0,124.0,126.0,2.0,22.3,36.2,,,,,,,,,,,,,,,,,,,,,2026-02-11 16:00:00+08:00
