Location ID,Location Name,Location Group,Location Type,Sensor ID,Place Open,Local Date/Time,UTC Date/Time,# of aggregated records,PM2.5 (ï¿½ï¿½g/mï¿½,PM2.5 (ï¿½ï¿½g/mï¿½ï¿½) c,0.3ï¿½ï¿½m particle c,CO2 (ppm) raw,CO2 (ppm) corrected,Temperature (ï¿½ï¿½C),Temperature (ï¿½ï¿½C) corre,Heat Index (ï¿½ï,Humidity (%) raw,Humidity (%) corrected,TVOC (ppb),TVOC index,NOX index,PM1 (ï¿½ï¿½g/,PM10 (ï¿½ï¿½g/,measure0,measure1,measure2,measure3,measure4,measure5,measure6,measure7,measure8,measure9,measure10,measure11,measure12,measure13,measure14,measure15,measure16,measure17,measure18,measure19
182446,Ramon Avancena High School,,Outdoor,airgradient:34b7dad31274,TRUE,2/11/2026 16:00,2026-02-11T08:00:00.000Z,4,32.6,19,1388,421,421,27.1,26.8,29.4,58,80,124,126,2,22.3,36.2,,,,,,,,,,,,,,,,,,,,
182446,Ramon Avancena High School,,Outdoor,airgradient:34b7dad31274,TRUE,2/11/2026 15:00,2026-02-11T07:00:00.000Z,31,24.8,14.2,1018,427,427,28.2,28.2,31.8,55,76,131,131,1,15.9,27.9,,,,,,,,,,,,,,,,,,,,
182446,Ramon Avancena High School,,Outdoor,airgradient:34b7dad31274,TRUE,2/11/2026 14:00,2026-02-11T06:00:00.000Z,58,21.2,12.4,884,417,417,28.8,28.9,33,52,73,140,144,1,12.2,23.8,,,,,,,,,,,,,,,,,,,,
182446,Ramon Avancena High School,,Outdoor,airgradient:34b7dad31274,TRUE,2/11/2026 13:00,2026-02-11T05:00:00.000Z,58,34.3,21.3,1471,439,439,28.9,29,33.3,52,73,190,169,1,23.6,41.2,,,,,,,,,,,,,,,,,,,,
182446,Ramon Avancena High School,,Outdoor,airgradient:34b7dad31274,TRUE,2/11/2026 12:00,2026-02-11T04:00:00.000Z,55,33.3,20.2,1424,429,429,28.7,28.8,32.9,52,73,80,84,1,23,39.2,,,,,,,,,,,,,,,,,,,,
182446,Ramon Avancena High School,,Outdoor,airgradient:34b7dad31274,TRUE,2/11/2026 11:00,2026-02-11T03:00:00.000Z,60,42.3,30.5,2044,427,427,29,29.1,33.2,50,71,40,39,1,29,52,,,,,,,,,,,,,,,,,,,,
182446,Ramon Avancena High School,,Outdoor,airgradient:34b7dad31274,TRUE,2/11/2026 10:00,2026-02-11T02:00:00.000Z,60,45,34.1,2244,450,450,29.9,30.2,35,48,68,92,98,1,30.8,56.1,,,,,,,,,,,,,,,,,,,,
182446,Ramon Avancena High School,,Outdoor,airgradient:34b7dad31274,TRUE,2/11/2026 9:00,2026-02-11T01:00:00.000Z,5,44.9,34.1,2209,436,436,30.8,31.2,36.9,46,65,78,83,1,30.7,56.2,,,,,,,,,,,,,,,,,,,,
182446,Ramon Avancena High School,,Outdoor,airgradient:34b7dad31274,FALSE,2/11/2026 5:00,2026-02-10T21:00:00.000Z,51,41.1,27.9,2053,440,440,26,25.6,26.3,58,80,139,117,1,29.1,49.8,,,,,,,,,,,,,,,,,,,,
182446,Ramon Avancena High School,,Outdoor,airgradient:34b7dad31274,FALSE,2/11/2026 4:00,2026-02-10T20:00:00.000Z,60,27.6,15.2,1128,436,436,25.9,25.5,26.2,59,81,81,84,1,19.2,31.8,,,,,,,,,,,,,,,,,,,,
182446,Ramon Avancena High School,,Outdoor,airgradient:34b7dad31274,FALSE,2/11/2026 3:00,2026-02-10T19:00:00.000Z,17,30.4,16.5,1281,446,446,24.2,23.5,23.7,65,89,124,128,1,21.8,35.9,,,,,,,,,,,,,,,,,,,,
182446,Ramon Avancena High School,,Outdoor,airgradient:34b7dad31274,FALSE,2/11/2026 0:00,2026-02-10T16:00:00.000Z,34,20.6,11.7,828,436,436,26.7,26.4,27.8,55,77,2383,500,1,10.5,23.6,,,,,,,,,,,,,,,,,,,,
182446,Ramon Avancena High School,,Outdoor,airgradient:34b7dad31274,FALSE,2/10/2026 23:00,2026-02-10T15:00:00.000Z,60,16.9,9.9,727,427,427,26.8,26.6,28.6,55,76,1588,444,1,7.9,20.3,,,,,,,,,,,,,,,,,,,,
182446,Ramon Avancena High School,,Outdoor,airgradient:34b7dad31274,FALSE,2/10/2026 22:00,2026-02-10T14:00:00.000Z,60,18.4,10.7,765,424,424,26.8,26.6,28.5,54,75,1274,427,1,8.8,21.8,,,,,,,,,,,,,,,,,,,,
182446,Ramon Avancena High School,,Outdoor,airgradient:34b7dad31274,FALSE,2/10/2026 21:00,2026-02-10T13:00:00.000Z,60,18.9,11,758,421,421,26.9,26.7,28.7,54,75,1362,435,1,8.5,22,,,,,,,,,,,,,,,,,,,,
182446,Ramon Avancena High School,,Outdoor,airgradient:34b7dad31274,FALSE,2/10/2026 20:00,2026-02-10T12:00:00.000Z,60,20.3,11.7,795,418,418,26.9,26.6,28.6,54,75,81,82,1,9.7,22.6,,,,,,,,,,,,,,,,,,,,
182446,Ramon Avancena High School,,Outdoor,airgradient:34b7dad31274,TRUE,2/10/2026 19:00,2026-02-10T11:00:00.000Z,60,22.1,12.8,881,414,414,27.3,27.2,29.5,53,74,95,94,1,13,24.7,,,,,,,,,,,,,,,,,,,,
182446,Ramon Avancena High School,,Outdoor,airgradient:34b7dad31274,TRUE,2/10/2026 18:00,2026-02-10T10:00:00.000Z,60,14.3,8.9,635,413,413,27.8,27.7,30,50,70,124,121,1,6.7,16.6,,,,,,,,,,,,,,,,,,,,
182446,Ramon Avancena High School,,Outdoor,airgradient:34b7dad31274,TRUE,2/10/2026 17:00,2026-02-10T09:00:00.000Z,60,5.8,4.4,396,412,412,28.3,28.3,31.1,49,69,171,160,1,2.6,7.1,,,,,,,,,,,,,,,,,,,,
182446,Ramon Avancena High School,,Outdoor,airgradient:34b7dad31274,TRUE,2/10/2026 16:00,2026-02-10T08:00:00.000Z,60,11.3,7.4,633,415,415,28.6,28.7,32.2,51,71,65,62,1,6.5,14.4,,,,,,,,,,,,,,,,,,,,
182446,Ramon Avancena High School,,Outdoor,airgradient:34b7dad31274,TRUE,2/10/2026 15:00,2026-02-10T07:00:00.000Z,60,22.2,13.1,944,425,425,28.7,28.8,32.6,51,72,102,101,1,13.5,25.6,,,,,,,,,,,,,,,,,,,,
182446,Ramon Avancena High School,,Outdoor,airgradient:34b7dad31274,TRUE,2/10/2026 14:00,2026-02-10T06:00:00.000Z,58,21.4,12.6,895,428,428,28.9,29,33,51,72,124,128,1,12.5,24.6,,,,,,,,,,,,,,,,,,,,
182446,Ramon Avancena High School,,Outdoor,airgradient:34b7dad31274,TRUE,2/10/2026 13:00,2026-02-10T05:00:00.000Z,60,30.3,18.1,1280,432,432,28.5,28.6,32.1,51,71,104,106,1,20.9,34.4,,,,,,,,,,,,,,,,,,,,
182446,Ramon Avancena High School,,Outdoor,airgradient:34b7dad31274,TRUE,2/10/2026 12:00,2026-02-10T04:00:00.000Z,56,38.1,25.6,1736,427,427,28.8,28.9,32.2,49,69,65,55,1,26.5,46,,,,,,,,,,,,,,,,,,,,
182446,Ramon Avancena High School,,Outdoor,airgradient:34b7dad31274,TRUE,2/10/2026 11:00,2026-02-10T03:00:00.000Z,58,37.6,25.1,1680,429,429,28.4,28.5,31.4,49,68,90,90,1,25.9,45.5,,,,,,,,,,,,,,,,,,,,
182446,Ramon Avancena High School,,Outdoor,airgradient:34b7dad31274,TRUE,2/10/2026 10:00,2026-02-10T02:00:00.000Z,60,35.4,22.6,1520,442,442,28.4,28.5,31.5,50,70,35,32,1,24.1,43,,,,,,,,,,,,,,,,,,,,
182446,Ramon Avancena High School,,Outdoor,airgradient:34b7dad31274,TRUE,2/10/2026 9:00,2026-02-10T01:00:00.000Z,60,31.2,18.7,1320,445,445,29.3,29.5,33.5,48,68,87,63,1,22,36,,,,,,,,,,,,,,,,,,,,
182446,Ramon Avancena High School,,Outdoor,airgradient:34b7dad31274,TRUE,2/10/2026 8:00,2026-02-10T00:00:00.000Z,60,30,17.3,1248,435,435,26.8,26.5,27.8,53,74,24,19,1,21.4,34.7,,,,,,,,,,,,,,,,,,,,
182446,Ramon Avancena High School,,Outdoor,airgradient:34b7dad31274,FALSE,2/10/2026 7:00,2026-02-09T23:00:00.000Z,60,41.6,29.2,2156,446,446,26.2,25.8,26.4,54,75,96,98,1,29.6,51.2,,,,,,,,,,,,,,,,,,,,
182446,Ramon Avancena High School,,Outdoor,airgradient:34b7dad31274,FALSE,2/10/2026 6:00,2026-02-09T22:00:00.000Z,60,42.3,29.4,2158,448,448,24.8,24.2,24.6,58,80,99,104,2,29.9,52.1,,,,,,,,,,,,,,,,,,,,
182446,Ramon Avancena High School,,Outdoor,airgradient:34b7dad31274,FALSE,2/10/2026 5:00,2026-02-09T21:00:00.000Z,5,73.9,56.3,4447,456,456,21.1,19.8,19.7,70,96,80,82,1,53.6,85.8,,,,,,,,,,,,,,,,,,,,
182446,Ramon Avancena High School,,Outdoor,airgradient:34b7dad31274,TRUE,2/9/2026 15:00,2026-02-09T07:00:00.000Z,27,0,0.1,107,415,415,28.7,28.8,31.3,45,64,60,62,1,0,0.2,,,,,,,,,,,,,,,,,,,,
182446,Ramon Avancena High School,,Outdoor,airgradient:34b7dad31274,TRUE,2/9/2026 14:00,2026-02-09T06:00:00.000Z,59,0,0.1,119,415,415,29.2,29.3,32,44,62,47,47,1,0,0.1,,,,,,,,,,,,,,,,,,,,
182446,Ramon Avancena High School,,Outdoor,airgradient:34b7dad31274,TRUE,2/9/2026 13:00,2026-02-09T05:00:00.000Z,53,1.6,1.5,217,420,420,29.3,29.5,32.3,44,62,62,64,1,1,2.1,,,,,,,,,,,,,,,,,,,,
182446,Ramon Avancena High School,,Outdoor,airgradient:34b7dad31274,TRUE,2/9/2026 12:00,2026-02-09T04:00:00.000Z,60,0.8,1.1,196,419,419,29,29.2,31.9,44,63,85,88,1,0.4,1.1,,,,,,,,,,,,,,,,,,,,
182446,Ramon Avancena High School,,Outdoor,airgradient:34b7dad31274,TRUE,2/9/2026 11:00,2026-02-09T03:00:00.000Z,25,2.6,2.4,287,423,423,27.3,27.1,28.8,49,69,86,91,1,0.9,3.8,,,,,,,,,,,,,,,,,,,,
182446,Ramon Avancena High School,,Outdoor,airgradient:34b7dad31274,TRUE,2/6/2026 13:00,2026-02-06T05:00:00.000Z,6,9.4,6.7,566,438,438,29.4,29.5,33,46,65,41,41,1,5,12.1,,,,,,,,,,,,,,,,,,,,
182446,Ramon Avancena High School,,Outdoor,airgradient:34b7dad31274,TRUE,2/6/2026 12:00,2026-02-06T04:00:00.000Z,35,8.8,6.8,538,415,415,28.8,28.9,31.9,47,66,35,33,1,4.7,10.7,,,,,,,,,,,,,,,,,,,,
182446,Ramon Avancena High School,,Outdoor,airgradient:34b7dad31274,TRUE,2/6/2026 11:00,2026-02-06T03:00:00.000Z,51,32,22.8,1430,422,422,28.7,28.8,31.8,47,67,59,60,1,18.7,39.2,,,,,,,,,,,,,,,,,,,,
182446,Ramon Avancena High School,,Outdoor,airgradient:34b7dad31274,TRUE,2/6/2026 10:00,2026-02-06T02:00:00.000Z,46,38.2,26.9,1788,439,439,29,29.1,32.3,47,67,73,77,1,25.8,47.8,,,,,,,,,,,,,,,,,,,,
182446,Ramon Avancena High School,,Outdoor,airgradient:34b7dad31274,TRUE,2/6/2026 9:00,2026-02-06T01:00:00.000Z,49,45.3,34.2,2288,442,442,27.9,27.8,30.3,50,70,94,99,1,30.9,57,,,,,,,,,,,,,,,,,,,,
182446,Ramon Avancena High School,,Outdoor,airgradient:34b7dad31274,TRUE,2/6/2026 8:00,2026-02-06T00:00:00.000Z,56,44,32.5,2222,452,452,26.9,26.7,28.5,51,72,137,139,1,30.1,55.8,,,,,,,,,,,,,,,,,,,,
182446,Ramon Avancena High School,,Outdoor,airgradient:34b7dad31274,FALSE,2/6/2026 7:00,2026-02-05T23:00:00.000Z,54,47.2,36,2556,472,472,26.7,26.4,27.6,52,72,280,242,1,32.8,59.9,,,,,,,,,,,,,,,,,,,,
182446,Ramon Avancena High School,,Outdoor,airgradient:34b7dad31274,FALSE,2/6/2026 6:00,2026-02-05T22:00:00.000Z,32,38.3,25.8,1823,437,437,26.2,25.8,26.4,53,75,159,153,1,26.3,48.4,,,,,,,,,,,,,,,,,,,,
182446,Ramon Avancena High School,,Outdoor,airgradient:34b7dad31274,FALSE,2/6/2026 5:00,2026-02-05T21:00:00.000Z,28,40.5,27.3,1889,448,448,23.9,23.1,23.3,64,88,96,100,1,27.4,53.4,,,,,,,,,,,,,,,,,,,,
182446,Ramon Avancena High School,,Outdoor,airgradient:34b7dad31274,FALSE,2/5/2026 22:00,2026-02-05T14:00:00.000Z,3,17,10.5,686,417,417,27,26.8,28.4,48,68,858,445,1,6.8,20.2,,,,,,,,,,,,,,,,,,,,
182446,Ramon Avancena High School,,Outdoor,airgradient:34b7dad31274,FALSE,2/5/2026 21:00,2026-02-05T13:00:00.000Z,60,20.3,12.3,804,421,421,27.1,26.9,28.5,48,68,848,423,1,10.3,23.9,,,,,,,,,,,,,,,,,,,,
182446,Ramon Avancena High School,,Outdoor,airgradient:34b7dad31274,FALSE,2/5/2026 20:00,2026-02-05T12:00:00.000Z,58,26.8,15.8,1055,423,423,27.1,26.9,28.5,47,66,1282,472,1,17.8,30.4,,,,,,,,,,,,,,,,,,,,
182446,Ramon Avancena High School,,Outdoor,airgradient:34b7dad31274,TRUE,2/5/2026 19:00,2026-02-05T11:00:00.000Z,60,23.5,15.7,1065,424,424,27.3,27.1,28.6,46,66,480,278,1,13.3,27.9,,,,,,,,,,,,,,,,,,,,
182446,Ramon Avancena High School,,Outdoor,airgradient:34b7dad31274,TRUE,2/5/2026 18:00,2026-02-05T10:00:00.000Z,60,14,9.1,648,415,415,27.3,27.1,28.7,47,66,292,250,1,6.4,17.9,,,,,,,,,,,,,,,,,,,,
182446,Ramon Avancena High School,,Outdoor,airgradient:34b7dad31274,TRUE,2/5/2026 17:00,2026-02-05T09:00:00.000Z,53,5.3,4.4,394,419,419,27,26.8,28.2,48,67,95,100,1,2,6.8,,,,,,,,,,,,,,,,,,,,
182446,Ramon Avancena High School,,Outdoor,airgradient:34b7dad31274,TRUE,2/5/2026 15:00,2026-02-05T07:00:00.000Z,9,2.9,3.2,280,414,414,26.6,26.3,27.2,47,66,79,81,1,0.1,4,,,,,,,,,,,,,,,,,,,,
182446,Ramon Avancena High School,,Outdoor,airgradient:34b7dad31274,FALSE,2/4/2026 22:00,2026-02-04T14:00:00.000Z,6,24.5,14.4,954,423,423,26.7,26.4,27.1,48,68,2339,500,1,14.7,29.8,,,,,,,,,,,,,,,,,,,,
182446,Ramon Avancena High School,,Outdoor,airgradient:34b7dad31274,FALSE,2/4/2026 21:00,2026-02-04T13:00:00.000Z,59,28.7,16.9,1117,423,423,26.8,26.5,27.5,48,68,1632,487,1,18.7,33.1,,,,,,,,,,,,,,,,,,,,
182446,Ramon Avancena High School,,Outdoor,airgradient:34b7dad31274,FALSE,2/4/2026 20:00,2026-02-04T12:00:00.000Z,60,28.2,16.6,1081,420,420,27,26.8,28.3,47,66,1102,461,1,19.1,32.6,,,,,,,,,,,,,,,,,,,,
182446,Ramon Avancena High School,,Outdoor,airgradient:34b7dad31274,TRUE,2/4/2026 19:00,2026-02-04T11:00:00.000Z,60,19.6,12.1,791,413,413,27.4,27.3,28.9,46,65,457,315,1,9.7,23.2,,,,,,,,,,,,,,,,,,,,
182446,Ramon Avancena High School,,Outdoor,airgradient:34b7dad31274,TRUE,2/4/2026 18:00,2026-02-04T10:00:00.000Z,60,8.5,6.3,493,410,410,27.8,27.7,29.5,45,64,239,217,1,3.9,12.1,,,,,,,,,,,,,,,,,,,,
182446,Ramon Avancena High School,,Outdoor,airgradient:34b7dad31274,TRUE,2/4/2026 17:00,2026-02-04T09:00:00.000Z,60,7.1,5.7,411,407,407,28.4,28.4,30.4,44,62,167,158,1,2.5,9.4,,,,,,,,,,,,,,,,,,,,
182446,Ramon Avancena High School,,Outdoor,airgradient:34b7dad31274,TRUE,2/4/2026 16:00,2026-02-04T08:00:00.000Z,60,2.5,3.3,290,406,406,28.7,28.8,31,43,62,112,115,1,0.4,3.8,,,,,,,,,,,,,,,,,,,,
182446,Ramon Avancena High School,,Outdoor,airgradient:34b7dad31274,TRUE,2/4/2026 15:00,2026-02-04T07:00:00.000Z,42,1.7,2.8,255,405,405,29.2,29.4,32,44,62,33,30,1,0,3,,,,,,,,,,,,,,,,,,,,
182446,Ramon Avancena High School,,Outdoor,airgradient:34b7dad31274,TRUE,2/4/2026 14:00,2026-02-04T06:00:00.000Z,60,1.5,2.8,252,403,403,29.9,30.2,33.6,43,62,26,22,1,0.2,2.9,,,,,,,,,,,,,,,,,,,,
182446,Ramon Avancena High School,,Outdoor,airgradient:34b7dad31274,TRUE,2/4/2026 13:00,2026-02-04T05:00:00.000Z,60,2.1,3.1,257,408,408,30,30.4,33.9,43,62,31,27,1,0.4,3.6,,,,,,,,,,,,,,,,,,,,
182446,Ramon Avancena High School,,Outdoor,airgradient:34b7dad31274,TRUE,2/4/2026 12:00,2026-02-04T04:00:00.000Z,60,17.7,11.9,867,415,415,29.2,29.4,33.3,48,68,23,19,2,12,21.6,,,,,,,,,,,,,,,,,,,,
182446,Ramon Avancena High School,,Outdoor,airgradient:34b7dad31274,TRUE,2/4/2026 11:00,2026-02-04T03:00:00.000Z,60,36.9,24.1,1618,423,423,28.3,28.4,31.9,53,74,17,11,2,25,45.9,,,,,,,,,,,,,,,,,,,,
182446,Ramon Avancena High School,,Outdoor,airgradient:34b7dad31274,TRUE,2/4/2026 10:00,2026-02-04T02:00:00.000Z,60,23.5,14.7,985,422,422,29,29.2,32.8,49,69,18,11,1,13.9,28.9,,,,,,,,,,,,,,,,,,,,
182446,Ramon Avancena High School,,Outdoor,airgradient:34b7dad31274,TRUE,2/4/2026 9:00,2026-02-04T01:00:00.000Z,60,22,14.2,999,422,422,29.7,30,34.2,47,67,17,10,1,13.9,26.6,,,,,,,,,,,,,,,,,,,,
182446,Ramon Avancena High School,,Outdoor,airgradient:34b7dad31274,TRUE,2/4/2026 8:00,2026-02-04T00:00:00.000Z,60,43.3,31.7,2082,451,451,28,27.9,30.6,50,71,15,7,1,28.2,55.8,,,,,,,,,,,,,,,,,,,,
182446,Ramon Avancena High School,,Outdoor,airgradient:34b7dad31274,FALSE,2/4/2026 7:00,2026-02-03T23:00:00.000Z,60,62.3,50.1,3590,480,480,26.5,26.2,27.3,54,75,75,71,1,44,75.6,,,,,,,,,,,,,,,,,,,,
182446,Ramon Avancena High School,,Outdoor,airgradient:34b7dad31274,FALSE,2/4/2026 6:00,2026-02-03T22:00:00.000Z,60,48.3,37.5,2688,475,475,25.7,25.3,25.9,56,78,136,130,1,33.6,62,,,,,,,,,,,,,,,,,,,,
182446,Ramon Avancena High School,,Outdoor,airgradient:34b7dad31274,FALSE,2/4/2026 5:00,2026-02-03T21:00:00.000Z,26,44.8,32.5,2357,473,473,23.6,22.7,22.9,64,88,98,102,2,31,57,,,,,,,,,,,,,,,,,,,,
182446,Ramon Avancena High School,,Outdoor,airgradient:34b7dad31274,TRUE,2/3/2026 11:00,2026-02-03T03:00:00.000Z,54,2.8,3.7,320,422,422,30.9,31.4,35.4,41,59,38,37,1,0.7,3.6,,,,,,,,,,,,,,,,,,,,
182446,Ramon Avancena High School,,Outdoor,airgradient:34b7dad31274,TRUE,2/3/2026 10:00,2026-02-03T02:00:00.000Z,60,17.5,11.4,847,446,446,30.8,31.3,35.8,43,61,62,65,1,11.9,20.6,,,,,,,,,,,,,,,,,,,,
182446,Ramon Avancena High School,,Outdoor,airgradient:34b7dad31274,TRUE,2/3/2026 9:00,2026-02-03T01:00:00.000Z,55,36.2,23.6,1591,450,450,29.5,29.8,33.3,45,65,64,66,1,24.4,45.4,,,,,,,,,,,,,,,,,,,,
182446,Ramon Avancena High School,,Outdoor,airgradient:34b7dad31274,TRUE,2/3/2026 8:00,2026-02-03T00:00:00.000Z,59,38.6,25.7,1721,450,450,27.4,27.2,29.2,49,70,51,52,1,25.6,50.8,,,,,,,,,,,,,,,,,,,,
182446,Ramon Avancena High School,,Outdoor,airgradient:34b7dad31274,FALSE,2/3/2026 7:00,2026-02-02T23:00:00.000Z,60,38.5,25.9,1907,465,465,26.9,26.6,28.1,52,72,240,208,1,27.3,47.9,,,,,,,,,,,,,,,,,,,,
182446,Ramon Avancena High School,,Outdoor,airgradient:34b7dad31274,FALSE,2/3/2026 6:00,2026-02-02T22:00:00.000Z,60,41.1,28.4,2112,472,472,25.6,25.2,25.8,56,78,301,205,2,29.1,50.7,,,,,,,,,,,,,,,,,,,,
182446,Ramon Avancena High School,,Outdoor,airgradient:34b7dad31274,FALSE,2/3/2026 5:00,2026-02-02T21:00:00.000Z,30,44.6,31.5,2292,480,480,23.8,23,23.1,63,87,89,94,2,31.6,54.6,,,,,,,,,,,,,,,,,,,,
182446,Ramon Avancena High School,,Outdoor,airgradient:34b7dad31274,TRUE,1/30/2026 16:00,2026-01-30T08:00:00.000Z,45,25.4,14.2,1114,421,421,26.2,25.9,26.7,62,85,82,84,1,17.3,29.4,,,,,,,,,,,,,,,,,,,,
182446,Ramon Avancena High School,,Outdoor,airgradient:34b7dad31274,TRUE,1/30/2026 15:00,2026-01-30T07:00:00.000Z,40,49.9,37.7,2629,441,441,25.4,24.9,25.8,66,90,101,106,1,34.4,61.5,,,,,,,,,,,,,,,,,,,,
182446,Ramon Avancena High School,,Outdoor,airgradient:34b7dad31274,TRUE,1/30/2026 14:00,2026-01-30T06:00:00.000Z,5,22.5,10.9,881,445,445,23,22.1,22.1,77,100,87,92,1,11.5,25.2,,,,,,,,,,,,,,,,,,,,
182446,Ramon Avancena High School,,Outdoor,airgradient:34b7dad31274,TRUE,1/30/2026 13:00,2026-01-30T05:00:00.000Z,3,22.8,10.8,793,471,471,22,20.9,20.9,81,100,28,25,1,10.4,24.9,,,,,,,,,,,,,,,,,,,,
182446,Ramon Avancena High School,,Outdoor,airgradient:34b7dad31274,TRUE,1/29/2026 16:00,2026-01-29T08:00:00.000Z,15,3,3.2,328,399,399,28.6,28.6,31,45,64,145,140,1,1,4.2,,,,,,,,,,,,,,,,,,,,
182446,Ramon Avancena High School,,Outdoor,airgradient:34b7dad31274,TRUE,1/29/2026 15:00,2026-01-29T07:00:00.000Z,60,1.3,2.5,242,400,400,28.8,28.9,31.3,44,63,138,132,1,0.1,2.1,,,,,,,,,,,,,,,,,,,,
182446,Ramon Avancena High School,,Outdoor,airgradient:34b7dad31274,TRUE,1/29/2026 14:00,2026-01-29T06:00:00.000Z,20,0.4,1.4,202,407,407,28.3,28.3,30.5,46,65,102,102,1,0,1,,,,,,,,,,,,,,,,,,,,
182446,Ramon Avancena High School,,Outdoor,airgradient:34b7dad31274,TRUE,1/27/2026 8:00,2026-01-27T00:00:00.000Z,20,14.6,8.3,745,403,403,27,26.8,29.3,59,82,31,28,1,8.8,17,,,,,,,,,,,,,,,,,,,,
182446,Ramon Avancena High School,,Outdoor,airgradient:34b7dad31274,FALSE,1/27/2026 7:00,2026-01-26T23:00:00.000Z,59,7.6,4.4,529,403,403,26.5,26.2,27.6,62,85,29,25,1,4.4,8.8,,,,,,,,,,,,,,,,,,,,
182446,Ramon Avancena High School,,Outdoor,airgradient:34b7dad31274,FALSE,1/27/2026 6:00,2026-01-26T22:00:00.000Z,60,7.8,4.6,549,406,406,26.1,25.7,26.6,64,88,107,109,1,4.8,9.2,,,,,,,,,,,,,,,,,,,,
182446,Ramon Avancena High School,,Outdoor,airgradient:34b7dad31274,FALSE,1/27/2026 5:00,2026-01-26T21:00:00.000Z,60,5.2,3.2,439,411,411,26.3,26,26.9,62,85,121,114,1,2.7,6.2,,,,,,,,,,,,,,,,,,,,
182446,Ramon Avancena High School,,Outdoor,airgradient:34b7dad31274,FALSE,1/27/2026 4:00,2026-01-26T20:00:00.000Z,60,8.2,5.3,578,413,413,26.3,26,26.9,62,85,45,44,1,5.1,9.4,,,,,,,,,,,,,,,,,,,,
182446,Ramon Avancena High School,,Outdoor,airgradient:34b7dad31274,FALSE,1/27/2026 3:00,2026-01-26T19:00:00.000Z,60,6.2,4.3,468,412,412,26.4,26,26.9,61,85,148,138,1,3.1,7.5,,,,,,,,,,,,,,,,,,,,
182446,Ramon Avancena High School,,Outdoor,airgradient:34b7dad31274,FALSE,1/27/2026 2:00,2026-01-26T18:00:00.000Z,60,5.6,3.4,460,415,415,26.6,26.3,28,61,84,346,257,1,3.2,6.5,,,,,,,,,,,,,,,,,,,,
182446,Ramon Avancena High School,,Outdoor,airgradient:34b7dad31274,FALSE,1/27/2026 1:00,2026-01-26T17:00:00.000Z,60,4.5,2.5,399,416,416,25.4,24.9,25.6,65,89,106,108,1,2,5.1,,,,,,,,,,,,,,,,,,,,
182446,Ramon Avancena High School,,Outdoor,airgradient:34b7dad31274,FALSE,1/27/2026 0:00,2026-01-26T16:00:00.000Z,1,,,,,,,,,,,,,,,,,,,,,,,,,,,,,,,,,,,
182446,Ramon Avancena High School,,Outdoor,airgradient:34b7dad31274,FALSE,1/26/2026 22:00,2026-01-26T14:00:00.000Z,23,25.3,14.1,1005,413,413,27.1,26.9,29.6,57,80,1026,461,1,17.1,28,,,,,,,,,,,,,,,,,,,,
182446,Ramon Avancena High School,,Outdoor,airgradient:34b7dad31274,FALSE,1/26/2026 21:00,2026-01-26T13:00:00.000Z,60,25.4,14.1,1000,409,409,27.1,26.9,29.5,58,80,406,273,1,16.3,28.2,,,,,,,,,,,,,,,,,,,,
182446,Ramon Avancena High School,,Outdoor,airgradient:34b7dad31274,FALSE,1/26/2026 20:00,2026-01-26T12:00:00.000Z,60,28.4,15.8,1142,409,409,27,26.8,29.4,58,80,417,299,1,19.7,32.6,,,,,,,,,,,,,,,,,,,,
182446,Ramon Avancena High School,,Outdoor,airgradient:34b7dad31274,TRUE,1/26/2026 19:00,2026-01-26T11:00:00.000Z,60,32.3,19.2,1371,409,409,27.2,27,29.8,58,80,251,193,1,22.2,37.7,,,,,,,,,,,,,,,,,,,,
182446,Ramon Avancena High School,,Outdoor,airgradient:34b7dad31274,TRUE,1/26/2026 18:00,2026-01-26T10:00:00.000Z,60,56.4,44.6,3118,445,445,27.5,27.4,31,60,83,934,420,2,39.2,67.9,,,,,,,,,,,,,,,,,,,,
182446,Ramon Avancena High School,,Outdoor,airgradient:34b7dad31274,TRUE,1/26/2026 17:00,2026-01-26T09:00:00.000Z,59,45,33.2,2246,426,426,27.8,27.7,31.5,58,81,356,253,1,30.6,55.9,,,,,,,,,,,,,,,,,,,,
182446,Ramon Avancena High School,,Outdoor,airgradient:34b7dad31274,TRUE,1/26/2026 16:00,2026-01-26T08:00:00.000Z,60,33.5,22.2,1547,417,417,27.9,27.8,31.5,57,79,292,217,1,22,40.8,,,,,,,,,,,,,,,,,,,,
182446,Ramon Avancena High School,,Outdoor,airgradient:34b7dad31274,TRUE,1/26/2026 15:00,2026-01-26T07:00:00.000Z,60,22.2,12.8,923,399,399,28.1,28.1,31.7,55,76,57,49,1,13.3,25.6,,,,,,,,,,,,,,,,,,,,
182446,Ramon Avancena High School,,Outdoor,airgradient:34b7dad31274,TRUE,1/26/2026 14:00,2026-01-26T06:00:00.000Z,60,37.1,24.2,1639,411,411,28.4,28.4,32.1,53,74,107,83,1,25.1,44.8,,,,,,,,,,,,,,,,,,,,
182446,Ramon Avancena High School,,Outdoor,airgradient:34b7dad31274,TRUE,1/26/2026 13:00,2026-01-26T05:00:00.000Z,60,39.9,27.4,1778,431,431,28.6,28.7,32.6,52,73,87,84,1,26.9,49.2,,,,,,,,,,,,,,,,,,,,
182446,Ramon Avancena High School,,Outdoor,airgradient:34b7dad31274,TRUE,1/26/2026 12:00,2026-01-26T04:00:00.000Z,60,41.1,28.9,1889,422,422,28.2,28.2,31.4,52,72,68,64,1,27.6,51.2,,,,,,,,,,,,,,,,,,,,
182446,Ramon Avancena High School,,Outdoor,airgradient:34b7dad31274,TRUE,1/26/2026 11:00,2026-01-26T03:00:00.000Z,60,50.6,40.3,2667,442,442,28,27.9,30.8,51,72,186,158,1,34.1,63.8,,,,,,,,,,,,,,,,,,,,
182446,Ramon Avancena High School,,Outdoor,airgradient:34b7dad31274,TRUE,1/26/2026 10:00,2026-01-26T02:00:00.000Z,60,46.4,35.7,2368,444,444,28.2,28.2,31.1,51,71,284,197,1,31.3,58.9,,,,,,,,,,,,,,,,,,,,
182446,Ramon Avancena High School,,Outdoor,airgradient:34b7dad31274,TRUE,1/26/2026 9:00,2026-01-26T01:00:00.000Z,60,47.7,37.2,2501,448,448,28,28,30.8,51,71,337,232,1,32.6,60.4,,,,,,,,,,,,,,,,,,,,
182446,Ramon Avancena High School,,Outdoor,airgradient:34b7dad31274,TRUE,1/26/2026 8:00,2026-01-26T00:00:00.000Z,60,43.8,32,2152,445,445,26.3,26,27,55,76,172,141,1,29.7,55.1,,,,,,,,,,,,,,,,,,,,
182446,Ramon Avancena High School,,Outdoor,airgradient:34b7dad31274,FALSE,1/26/2026 7:00,2026-01-25T23:00:00.000Z,60,38.7,25.7,1741,435,435,25.4,24.9,25.5,56,78,197,153,1,26.1,48.5,,,,,,,,,,,,,,,,,,,,
182446,Ramon Avancena High School,,Outdoor,airgradient:34b7dad31274,FALSE,1/26/2026 6:00,2026-01-25T22:00:00.000Z,60,44.1,32,2199,456,456,25.2,24.7,25.3,57,79,111,113,2,29.8,56.1,,,,,,,,,,,,,,,,,,,,
182446,Ramon Avancena High School,,Outdoor,airgradient:34b7dad31274,FALSE,1/26/2026 5:00,2026-01-25T21:00:00.000Z,36,51.3,37.9,2641,452,452,23.7,22.8,23,63,86,93,98,1,35.5,62.9,,,,,,,,,,,,,,,,,,,,
182446,Ramon Avancena High School,,Outdoor,airgradient:34b7dad31274,FALSE,1/24/2026 5:00,2026-01-23T21:00:00.000Z,3,30.9,16.3,1218,453,453,20.1,18.6,18.6,70,96,36,34,1,21.3,37.8,,,,,,,,,,,,,,,,,,,,
182446,Ramon Avancena High School,,Outdoor,airgradient:34b7dad31274,TRUE,1/22/2026 17:00,2026-01-22T09:00:00.000Z,56,8,6.2,530,405,405,27.3,27.2,28.6,44,63,170,166,2,4.1,9.4,,,,,,,,,,,,,,,,,,,,
182446,Ramon Avancena High School,,Outdoor,airgradient:34b7dad31274,TRUE,1/22/2026 16:00,2026-01-22T08:00:00.000Z,60,3.8,4.1,338,400,400,28,27.9,29.4,43,61,88,92,1,0.9,4.5,,,,,,,,,,,,,,,,,,,,
182446,Ramon Avancena High School,,Outdoor,airgradient:34b7dad31274,TRUE,1/22/2026 15:00,2026-01-22T07:00:00.000Z,60,2.1,3,271,402,402,28,28,29.6,43,62,76,79,1,0.4,3,,,,,,,,,,,,,,,,,,,,
182446,Ramon Avancena High School,,Outdoor,airgradient:34b7dad31274,TRUE,1/22/2026 14:00,2026-01-22T06:00:00.000Z,60,1.2,2.4,240,402,402,28.5,28.6,30.4,42,60,79,84,1,0.3,1.9,,,,,,,,,,,,,,,,,,,,
182446,Ramon Avancena High School,,Outdoor,airgradient:34b7dad31274,TRUE,1/22/2026 13:00,2026-01-22T05:00:00.000Z,60,17.6,11.7,827,409,409,28.9,29,31.1,42,61,109,113,1,11.8,20.4,,,,,,,,,,,,,,,,,,,,
182446,Ramon Avancena High School,,Outdoor,airgradient:34b7dad31274,TRUE,1/22/2026 12:00,2026-01-22T04:00:00.000Z,60,31,19.1,1318,411,411,29.1,29.3,31.6,43,61,85,90,1,21.6,36,,,,,,,,,,,,,,,,,,,,
182446,Ramon Avancena High School,,Outdoor,airgradient:34b7dad31274,TRUE,1/22/2026 11:00,2026-01-22T03:00:00.000Z,58,24.8,15.6,1071,428,428,29.3,29.5,31.9,42,60,208,176,1,16.3,29.1,,,,,,,,,,,,,,,,,,,,
182446,Ramon Avancena High School,,Outdoor,airgradient:34b7dad31274,TRUE,1/22/2026 10:00,2026-01-22T02:00:00.000Z,53,7.8,6.1,521,393,393,28.1,28.1,29.8,44,62,96,102,1,4.3,9.6,,,,,,,,,,,,,,,,,,,,
182446,Ramon Avancena High School,,Outdoor,airgradient:34b7dad31274,TRUE,1/21/2026 16:00,2026-01-21T08:00:00.000Z,14,5.2,4.2,374,396,396,28.7,28.8,31.5,46,65,40,39,1,2.8,6.4,,,,,,,,,,,,,,,,,,,,
182446,Ramon Avancena High School,,Outdoor,airgradient:34b7dad31274,TRUE,1/21/2026 15:00,2026-01-21T07:00:00.000Z,60,1.1,1.7,228,389,389,28.9,29.1,32,46,65,56,57,1,0.4,1.7,,,,,,,,,,,,,,,,,,,,
182446,Ramon Avancena High School,,Outdoor,airgradient:34b7dad31274,TRUE,1/21/2026 14:00,2026-01-21T06:00:00.000Z,60,0.7,0.9,194,396,396,29.1,29.2,32.2,46,65,35,33,1,0.2,1,,,,,,,,,,,,,,,,,,,,
182446,Ramon Avancena High School,,Outdoor,airgradient:34b7dad31274,TRUE,1/21/2026 13:00,2026-01-21T05:00:00.000Z,60,8.9,6.2,508,403,403,28.9,29,32.2,47,67,74,76,1,5.7,10.8,,,,,,,,,,,,,,,,,,,,
182446,Ramon Avancena High School,,Outdoor,airgradient:34b7dad31274,TRUE,1/21/2026 12:00,2026-01-21T04:00:00.000Z,60,35.3,22.5,1544,405,405,29,29.2,33.1,49,70,80,83,1,24.5,41.7,,,,,,,,,,,,,,,,,,,,
182446,Ramon Avancena High School,,Outdoor,airgradient:34b7dad31274,TRUE,1/21/2026 11:00,2026-01-21T03:00:00.000Z,59,36.7,24.1,1651,416,416,29.4,29.6,34.2,50,71,87,91,1,25.3,44.4,,,,,,,,,,,,,,,,,,,,
182446,Ramon Avancena High School,,Outdoor,airgradient:34b7dad31274,TRUE,1/21/2026 10:00,2026-01-21T02:00:00.000Z,41,18.5,11.4,831,424,424,28.5,28.5,32.4,48,67,92,98,1,10.5,21.9,,,,,,,,,,,,,,,,,,,,
